First_name,Second_name,Proffesion,DateOfBD,Id
Denise,Williams,Psychologist prison and probation services,1972-03-17,1
Matthew,Clark,Engineer automotive,1978-09-21,2
Timothy,White,Personal assistant,1989-09-30,3
Amanda,Murray,Jewellery designer,1980-10-15,4
Adam,Mcdonald,Garment/textile technologist,1992-07-04,5
Ashley,Lewis,Passenger transport manager,1976-09-01,6
Leah,Lee,Operational researcher,1995-04-04,7
Brent,Tate,Graphic designer,1972-09-23,8
Dana,Moreno,Politician's assistant,1999-07-30,9
Kristopher,Stephens,Television camera operator,1992-08-10,10
Shawna,Hicks,Copywriter advertising,1985-03-07,11
Matthew,Riley,English as a foreign language teacher,1997-10-09,12
Robert,Smith,Metallurgist,1988-04-06,13
Claudia,Davis,Engineer materials,1983-04-22,14
Laura,Heath,Prison officer,1973-10-20,15
Amanda,Hansen,Radiographer diagnostic,1991-02-05,16
Adam,Franklin,Associate Professor,1983-12-09,17
Larry,Gonzales,Mechanical engineer,1998-05-05,18
Grace,Chavez,Engineering geologist,1979-05-11,19
Gabriela,Sims,Health service manager,1989-08-06,20
Chelsea,Weaver,Water engineer,1989-01-09,21
Jaime,Carrillo,Restaurant manager fast food,1997-04-07,22
Kristen,Vaughan,Cytogeneticist,1970-01-04,23
Charles,Clark,Operational researcher,1994-02-17,24
Amanda,Campbell,Senior tax professional/tax inspector,1991-12-12,25
Fred,Bradshaw,Telecommunications researcher,1982-03-13,26
Mark,Jones,Architectural technologist,1997-12-02,27
Brett,Powell,Metallurgist,1992-06-16,28
Rebecca,Sullivan,Education officer environmental,1978-12-25,29
Isaac,Bradley,Engineer land,1980-10-13,30
Marcus,Gibson,Scientist marine,1978-02-11,31
Ann,Manning,Surveyor rural practice,1977-10-10,32
Ronald,Kelly,Child psychotherapist,1997-03-08,33
Andrew,Ramirez,Risk manager,1972-07-02,34
Dennis,Lowe,Scientist physiological,1994-11-12,35
Douglas,Gomez,Solicitor,1970-03-09,36
Taylor,Smith,Optometrist,1986-01-06,37
Nicole,Dean,Health promotion specialist,1972-07-17,38
Mary,Smith,Curator,1974-08-07,39
Charles,Krause,Clinical biochemist,1970-09-16,40
Christopher,Smith,Clinical biochemist,1990-07-26,41
Stacey,Pope,Engineer maintenance (IT),1987-08-04,42
Ricardo,Rangel,Engineer agricultural,1975-02-14,43
Angela,Stanton,Engineer energy,1971-09-12,44
Mary,Richards,Database administrator,1995-09-27,45
Lindsey,Kidd,Research officer political party,1999-02-22,46
Bryan,Olson,Applications developer,1972-02-11,47
Erin,Hayes,Engineer agricultural,1974-12-04,48
Dustin,Brown,Psychologist counselling,1993-07-12,49
Tracie,Hernandez,Information systems manager,1992-02-27,50
Carol,Marshall,Land,1994-09-29,51
Caitlin,Stein,Newspaper journalist,1980-07-12,52
Kelly,Hutchinson,Retail merchandiser,1994-08-13,53
Cheryl,Perez,Higher education careers adviser,1993-02-23,54
Brenda,Robertson,Actor,1975-09-16,55
Victor,Jimenez,Engineer communications,1992-05-21,56
Anthony,Jones,Print production planner,1979-05-21,57
Sean,Jones,Civil engineer consulting,1987-04-19,58
Tommy,Hall,Passenger transport manager,1991-10-06,59
Samantha,Henderson,Contractor,1970-12-21,60
Deborah,Reynolds,Holiday representative,1983-10-07,61
Christina,Berger,Lecturer further education,1987-08-31,62
Emily,Dawson,Textile designer,1974-07-29,63
Joseph,Weber,Designer fashion/clothing,1993-10-17,64
Stephen,Williams,Tour manager,1998-11-10,65
Gavin,Sawyer,Lecturer further education,1970-10-30,66
William,Stewart,Therapist nutritional,1987-03-09,67
Taylor,Miller,Librarian public,1972-05-28,68
Carla,Walton,Merchandiser retail,1979-05-25,69
Phillip,Allen,Broadcast journalist,1986-02-16,70
Blake,Jordan,Purchasing manager,1996-02-09,71
Marcia,Watts,Contracting civil engineer,1990-10-10,72
Brent,Allen,Pathologist,1992-11-25,73
Carla,Smith,Neurosurgeon,1970-02-03,74
Mark,Medina,Photographer,1978-11-19,75
Wanda,Oneal,Scientist research (maths),1983-05-23,76
Angela,Fox,Television floor manager,1998-09-17,77
Jason,Hernandez,Engineer site,1997-09-12,78
Timothy,Cardenas,Building services engineer,1971-04-24,79
Tyler,Lopez,Geophysical data processor,1991-07-12,80
Michael,Stokes,Veterinary surgeon,1991-03-08,81
Melanie,Jarvis,Librarian public,1992-06-12,82
Mark,Russell,IT technical support officer,1986-05-20,83
Sara,Rhodes,Furniture designer,1988-03-09,84
Johnny,Pitts,Public affairs consultant,1992-12-12,85
Victoria,Martin,Conservator furniture,1978-02-19,86
Paul,Kaufman,Market researcher,1999-10-09,87
Michelle,Nelson,Petroleum engineer,1985-09-03,88
Bryan,Owens,Embryologist clinical,1979-08-25,89
Jonathan,Browning,Community development worker,1978-12-06,90
Kelly,Montgomery,Surveyor minerals,1992-04-24,91
Christina,Herrera,Psychologist prison and probation services,1983-11-02,92
Melinda,Warner,Theatre manager,1978-10-17,93
Brian,Garrett,Catering manager,1983-04-02,94
Alicia,Bolton,Building services engineer,1982-09-23,95
William,Smith,Charity fundraiser,1990-01-31,96
Lisa,Murphy,Company secretary,1984-04-30,97
Susan,Jenkins,Archaeologist,1974-03-22,98
Zachary,Price,Newspaper journalist,1971-06-09,99
Michael,Anderson,Science writer,1989-07-04,100
Francisco,Morales,Production engineer,1991-09-29,101
Steven,Bond,Investment banker operational,1998-08-01,102
Laurie,Conway,Special effects artist,1975-05-06,103
Michelle,Travis,Energy engineer,1970-05-16,104
Patrick,Thomas,Writer,1977-01-01,105
Raymond,Hernandez,Geneticist molecular,1979-08-06,106
Richard,Cohen,Electrical engineer,1990-04-22,107
Jesse,Hudson,Engineer materials,1987-01-31,108
Evan,Meyer,Paramedic,1995-09-24,109
Ashley,Harris,Quantity surveyor,1973-08-07,110
Crystal,Navarro,Logistics and distribution manager,1975-06-02,111
Sherry,Price,Cabin crew,1979-12-09,112
Angela,Carson,Copywriter advertising,1988-07-07,113
Martin,Martinez,Teacher primary school,1971-12-25,114
Eric,Snyder,Energy engineer,1970-12-12,115
Christopher,Smith,Sport and exercise psychologist,1978-12-06,116
Leon,Cortez,Television floor manager,1994-08-21,117
Marisa,Osborn,Pilot airline,1978-06-17,118
Robert,Campbell,Commercial art gallery manager,1981-07-23,119
Kevin,Lowe,Clothing/textile technologist,1970-02-05,120
Jamie,Harding,Audiological scientist,1996-10-21,121
Erica,Davis,Engineer aeronautical,1992-05-22,122
Michael,Perry,Chartered legal executive (England and Wales),1995-08-13,123
Deanna,Hamilton,Chiropractor,1990-10-13,124
Scott,Graham,Forensic scientist,1985-11-10,125
Jennifer,Hall,Quantity surveyor,1980-09-29,126
Kathy,Wilson,Air cabin crew,1999-05-20,127
Andrea,Lee,Civil Service fast streamer,1998-05-29,128
Chase,Williams,Photographer,1984-12-27,129
Austin,Griffin,Adult guidance worker,1972-12-06,130
Jesse,Mcclure,Secretary/administrator,1983-04-27,131
Julie,Ford,Comptroller,1979-08-25,132
Dalton,Carter,Administrator Civil Service,1994-02-04,133
Marilyn,Estrada,Chiropodist,1986-01-27,134
Stacy,Bass,Arts administrator,1991-08-21,135
Christopher,Mcbride,Sales professional IT,1971-02-03,136
Charles,Robertson,Engineer biomedical,1997-03-06,137
Brittany,Woodard,Oncologist,1997-05-29,138
Jessica,Thomas,Technical author,1998-03-27,139
Sue,Monroe,Education officer museum,1988-04-19,140
Karen,Juarez,Psychologist prison and probation services,1987-08-18,141
Charles,Delacruz,Customer service manager,1982-01-30,142
Michael,Mccarty,Art gallery manager,1976-02-20,143
Heather,Williams,Teacher adult education,1982-12-28,144
John,Lopez,Engineer water,1982-05-06,145
Dana,Armstrong,Retail banker,1977-06-14,146
Jennifer,Wright,Administrator education,1977-05-05,147
Benjamin,Davis,Psychologist sport and exercise,1998-01-08,148
Sandra,Dorsey,Learning mentor,1973-12-09,149
Emily,Villegas,Ceramics designer,1980-04-19,150
Peter,Austin,Drilling engineer,1991-06-24,151
James,Reed,Presenter broadcasting,1980-05-19,152
Daniel,Garcia,Therapist horticultural,1992-09-19,153
John,Yang,Microbiologist,1988-09-25,154
David,Myers,Passenger transport manager,1974-07-10,155
Steven,Ford,Radiation protection practitioner,1997-10-26,156
Kevin,Jackson,Quality manager,1996-10-22,157
Zachary,Cruz,Advertising art director,1998-05-02,158
Samantha,Young,Bookseller,1987-02-06,159
Peter,Barker,Journalist newspaper,1985-08-12,160
Todd,Pearson,Camera operator,1995-02-25,161
Samuel,Washington,Teaching laboratory technician,1970-07-15,162
Cindy,Choi,Building services engineer,1987-07-02,163
Robert,Smith,Investment banker operational,1973-06-26,164
Teresa,Smith,Tree surgeon,1974-01-30,165
Scott,Williams,Armed forces operational officer,1985-10-15,166
Tammy,Smith,Lighting technician broadcasting/film/video,1991-11-28,167
Jennifer,Lee,Health service manager,1993-11-26,168
Andrew,Brennan,Therapist occupational,1996-10-24,169
Jenny,Sellers,Advice worker,1990-06-23,170
Robert,Whitney,Nurse adult,1978-04-06,171
Kim,Nunez,Scientist product/process development,1971-07-09,172
Craig,Ramsey,Pensions consultant,1992-09-15,173
John,Haynes,Research scientist (medical),1991-04-08,174
Jennifer,Moore,Textile designer,1982-06-07,175
Brandon,Davis,Horticultural consultant,1983-03-11,176
Peter,Moore,Chief Strategy Officer,1984-11-20,177
Paige,Harper,Exercise physiologist,1992-01-13,178
Jamie,Phillips,Fine artist,1991-12-08,179
Michelle,Quinn,Health service manager,1981-01-02,180
Matthew,Phillips,Research scientist (medical),1970-05-31,181
Scott,Solis,Translator,1990-10-14,182
Stephen,Lee,Firefighter,1987-12-04,183
Richard,Malone,Fine artist,1983-09-04,184
Sarah,Lambert,Musician,1974-11-30,185
Daniel,Smith,Fitness centre manager,1998-06-07,186
Nicholas,Robinson,Energy manager,1993-06-30,187
Scott,Hart,Social researcher,1979-10-05,188
Marvin,Ryan,Ecologist,1972-02-21,189
Leah,Hanna,Curator,1982-06-12,190
William,Stewart,Social research officer government,1997-12-13,191
Paul,Simmons,Optometrist,1971-09-16,192
Justin,Smith,Engineer agricultural,1992-02-14,193
Kimberly,Little,Charity officer,1976-11-14,194
Felicia,Yang,Archaeologist,1981-04-07,195
Kenneth,Rose,Primary school teacher,1992-05-01,196
Joseph,Whitaker,Chemical engineer,1996-12-23,197
Rachel,Powers,Software engineer,1975-11-25,198
Angela,Kelly,Intelligence analyst,1975-04-27,199
Michael,Taylor,Electrical engineer,1986-10-22,200
Reginald,Thompson,Art therapist,1988-12-29,201
Christina,Robinson,Geochemist,1983-03-09,202
Kelsey,Edwards,Embryologist clinical,1974-07-11,203
Tracy,Walter,Engineering geologist,1978-01-07,204
Brenda,Lawrence,Nature conservation officer,1984-12-31,205
Olivia,Dickson,Geneticist molecular,1996-02-15,206
Aaron,Phillips,Production assistant television,1999-03-22,207
Randy,Raymond,Air broker,1989-07-15,208
Dawn,Walker,Education officer museum,1982-01-10,209
Brittany,Marsh,Social worker,1984-05-11,210
Mike,Johnson,General practice doctor,1991-08-25,211
Gordon,Allen,Marketing executive,1993-11-01,212
Kevin,Meyers,Science writer,1971-09-28,213
Michael,Brown,Applications developer,1998-06-26,214
Lisa,Brown,Computer games developer,1986-06-17,215
Lee,Friedman,Travel agency manager,1970-09-25,216
Tommy,Hall,Paediatric nurse,1995-10-05,217
Emily,Molina,Geologist engineering,1980-04-30,218
Alicia,Johnson,Community pharmacist,1990-02-07,219
Ann,Tucker,Tree surgeon,1983-01-12,220
Susan,Johnson,Equities trader,1993-03-09,221
Denise,Medina,Theme park manager,1992-10-24,222
Erin,Atkinson,Musician,1973-11-20,223
John,Saunders,Forest/woodland manager,1982-03-16,224
Eric,Hernandez,Medical technical officer,1993-07-22,225
Jeff,Hernandez,Facilities manager,1970-02-22,226
Emily,Palmer,Editor film/video,1985-12-29,227
Alan,Russell,Retail buyer,1990-08-18,228
Rodney,Brandt,Field seismologist,1970-09-08,229
Thomas,Underwood,Surveyor planning and development,1987-10-28,230
Sarah,Kirk,Hydrologist,1978-07-05,231
Brittney,Powers,Health and safety inspector,1992-06-07,232
Ronald,Powell,Contracting civil engineer,1970-07-30,233
Paula,Dorsey,Development worker international aid,1985-10-28,234
Joseph,Smith,Health visitor,1980-04-26,235
Shane,Trujillo,Film/video editor,1992-12-13,236
Jeremy,Williams,Speech and language therapist,1981-06-29,237
Nicholas,Yu,Retail merchandiser,1984-08-05,238
Gregory,Perez,Psychotherapist dance movement,1988-05-23,239
Margaret,Smith,Radiographer diagnostic,1975-01-18,240
John,Diaz,Heritage manager,1994-08-10,241
Debra,Howard,Therapeutic radiographer,1997-01-19,242
Sherry,Fox,Fast food restaurant manager,1991-05-13,243
Michael,Huerta,Fine artist,1972-11-13,244
Jesus,Sims,Optometrist,1973-12-31,245
Eric,Herring,Sport and exercise psychologist,1981-01-12,246
Larry,Johnson,Optician dispensing,1988-05-02,247
Michele,Johns,Chartered certified accountant,1992-04-15,248
Micheal,Berry,Media buyer,1979-01-06,249
Jonathan,Williams,Printmaker,1975-05-28,250
Sara,Bell,Airline pilot,1990-11-09,251
Emily,Gray,Mining engineer,1972-03-30,252
Amanda,Reed,Podiatrist,1971-04-13,253
Katherine,Stewart,Holiday representative,1986-01-31,254
Mark,Flores,Designer graphic,1995-04-06,255
James,Rodgers,Neurosurgeon,1998-05-31,256
Adam,Elliott,Jewellery designer,1991-10-17,257
Chelsea,Harvey,Production engineer,1994-03-17,258
William,Murphy,Teacher primary school,1984-04-06,259
Sydney,Mann,Theme park manager,1981-10-04,260
William,Garza,Ergonomist,1999-12-15,261
Jaime,Harrington,Administrator local government,1975-09-19,262
Marie,Avery,Leisure centre manager,1992-02-23,263
Alexis,Bailey,Armed forces training and education officer,1973-06-16,264
Garrett,George,Charity officer,1980-08-02,265
Stephen,Gonzalez,Designer furniture,1985-02-02,266
Levi,Cruz,Data processing manager,1995-04-10,267
Miguel,Taylor,Production engineer,1985-07-24,268
Todd,Phillips,Community arts worker,1999-11-25,269
Ashlee,Weaver,Insurance underwriter,1984-07-10,270
Christina,Haynes,Applications developer,1971-05-31,271
Joseph,Patterson,IT trainer,1995-02-26,272
Benjamin,Nguyen,IT consultant,1973-05-22,273
Sonya,Clark,Records manager,1973-01-13,274
Anna,Cruz,Music therapist,1974-09-23,275
Tiffany,Ford,Economist,1973-03-12,276
Lisa,Hunter,Publishing copy,1980-02-07,277
John,Campbell,Marine scientist,1999-11-05,278
Tracy,Brown,Retail merchandiser,1997-11-08,279
Steven,Watkins,Retail banker,1995-11-28,280
Brittany,Stokes,Network engineer,1999-05-29,281
Tyler,Harris,Human resources officer,1974-08-04,282
Jean,Rhodes,Ecologist,1983-09-30,283
Cassandra,Sloan,Engineer automotive,1978-05-28,284
Mark,Ortiz,Phytotherapist,1990-08-09,285
Richard,Horne,Historic buildings inspector/conservation officer,1999-07-14,286
Tracy,Schwartz,Therapist nutritional,1989-05-12,287
Ashley,Thomas,Geographical information systems officer,1993-08-11,288
Joseph,Fleming,Sales promotion account executive,1984-11-13,289
Susan,Lawson,Oncologist,1998-01-25,290
David,Hardin,Chemist analytical,1980-07-03,291
Matthew,Washington,Dancer,1972-09-15,292
Pamela,Mcgee,Geochemist,1992-12-03,293
Kylie,Griffin,Community pharmacist,1978-10-04,294
Elizabeth,Vaughan,Operations geologist,1995-05-20,295
Michael,Torres,Metallurgist,1987-06-14,296
Anthony,Jenkins,Scientist biomedical,1982-12-12,297
Tamara,Gonzalez,Teacher English as a foreign language,1999-07-22,298
Ashley,Wyatt,Ecologist,1982-04-13,299
Christine,Reed,Politician's assistant,1971-01-13,300
David,Carpenter,Data processing manager,1997-09-18,301
Isaiah,Gilbert,Museum/gallery conservator,1977-11-09,302
Kimberly,Mooney,Camera operator,1982-04-15,303
Joshua,Stokes,Administrator,1978-12-30,304
Candace,Lane,Civil engineer contracting,1995-09-06,305
Donald,Gilbert,Product manager,1970-11-15,306
Caroline,Howard,Land/geomatics surveyor,1988-03-16,307
James,Rivera,Advertising copywriter,1980-06-21,308
Melissa,Boone,Nurse learning disability,1971-06-21,309
Daniel,Elliott,Gaffer,1979-03-23,310
David,Kelly,Designer jewellery,1994-04-26,311
Christie,Green,Forensic scientist,1973-07-10,312
Deborah,Page,Drilling engineer,1980-11-01,313
Whitney,Hull,Technical sales engineer,1984-04-03,314
Benjamin,Bolton,Medical physicist,1991-10-16,315
Christopher,Miller,Hydrologist,1981-10-01,316
Anthony,Webb,Animal nutritionist,1984-08-07,317
Ronald,Lane,Barrister's clerk,1995-10-27,318
Brandy,Rosario,Surveyor building,1970-06-08,319
Zachary,Mcdaniel,Teacher adult education,1996-03-31,320
Tyler,Golden,Newspaper journalist,1989-12-06,321
Andrea,Reed,Mechanical engineer,1970-11-22,322
Christopher,Wyatt,Scientist clinical (histocompatibility and immunogenetics),1992-10-14,323
Robin,Morales,Energy manager,1986-09-19,324
Kristina,Collins,Ophthalmologist,1992-06-27,325
Lisa,David,Writer,1976-01-12,326
Maria,Jones,Armed forces technical officer,1995-11-02,327
Kyle,Whitaker,Analytical chemist,1975-01-15,328
Lisa,Brown,Engineer communications,1971-10-17,329
Andrea,Woods,Exhibition designer,1993-05-02,330
Darren,Gallagher,Land,1971-06-28,331
Sydney,Lewis,Engineer water,1976-02-18,332
Kathleen,Wilson,Administrator education,1977-06-14,333
Kelly,Rodriguez,Sport and exercise psychologist,1997-07-27,334
Cynthia,Smith,Sales executive,1990-02-23,335
Susan,Johnson,Commissioning editor,1982-03-18,336
Cheyenne,Haynes,Youth worker,1979-07-05,337
Sarah,Cameron,Restaurant manager,1971-09-14,338
Brittany,Clark,Chartered loss adjuster,1972-09-06,339
Robert,Thompson,Statistician,1983-09-14,340
Susan,Garrett,IT technical support officer,1993-07-31,341
Christopher,Nash,Community arts worker,1972-03-18,342
Amanda,Washington,English as a second language teacher,1987-09-18,343
Luke,Wilson,Hospital doctor,1977-07-03,344
Kimberly,Hunt,Dealer,1995-11-07,345
Amber,Santana,Dance movement psychotherapist,1973-12-09,346
David,Tate,Psychologist clinical,1974-11-27,347
Jeffrey,Martinez,Teacher music,1976-03-23,348
Jill,Duncan,Systems analyst,1990-01-16,349
John,King,Purchasing manager,1984-05-13,350
Todd,Kramer,Animator,1981-07-19,351
Cameron,Smith,Environmental manager,1974-10-22,352
Andrew,Clark,Cabin crew,1995-02-21,353
Mackenzie,Leach,Illustrator,1986-07-15,354
Amanda,Mueller,Video editor,1972-10-11,355
Julie,Harris,Administrator Civil Service,1979-08-13,356
Christopher,Wright,Broadcast presenter,1995-06-20,357
Matthew,Gomez,Theatre director,1989-11-07,358
Philip,Martin,Electrical engineer,1993-06-08,359
Evan,Mercado,Senior tax professional/tax inspector,1984-08-07,360
Troy,Wagner,Lighting technician broadcasting/film/video,1987-10-24,361
Stephen,Guzman,Clinical psychologist,1981-04-14,362
Matthew,Peterson,Trading standards officer,1990-07-13,363
Donna,Dyer,Environmental manager,1999-07-07,364
Evelyn,George,Dramatherapist,1972-04-01,365
Jonathan,Carter,Chief Strategy Officer,1992-10-26,366
Linda,Bradley,Press photographer,1991-05-07,367
Aaron,Bryan,Music tutor,1990-02-10,368
Melissa,Wise,Nurse learning disability,1995-05-21,369
Nancy,Thomas,Magazine features editor,1989-09-14,370
Anthony,Hamilton,Equities trader,1992-09-20,371
Ryan,Dougherty,Community education officer,1988-11-15,372
Robert,James,Retail banker,1990-10-12,373
Valerie,Peterson,Occupational psychologist,1981-12-27,374
Andrew,Sanchez,Personnel officer,1970-10-10,375
Donna,Coleman,Chartered certified accountant,1987-12-13,376
Johnny,Hubbard,Hospital pharmacist,1972-07-19,377
Jason,Davis,Personnel officer,1972-10-12,378
Brandon,Johnson,Warehouse manager,1993-11-09,379
Zachary,Wilson,Programmer systems,1970-12-03,380
Sara,Lambert,Designer ceramics/pottery,1994-09-05,381
Elizabeth,Barker,Photographer,1992-02-20,382
Samantha,Rivera,Scientist clinical (histocompatibility and immunogenetics),1985-01-17,383
Bill,Gibson,Financial planner,1988-05-21,384
Jennifer,Taylor,Theatre stage manager,1971-08-19,385
Juan,Nunez,Warden/ranger,1981-07-04,386
Kevin,Knight,Acupuncturist,1997-10-26,387
Gloria,Carey,Dietitian,1974-11-23,388
Robert,Elliott,Network engineer,1989-06-25,389
Vickie,Tanner,Surveyor quantity,1999-01-01,390
Henry,Hall,Data processing manager,1994-09-04,391
Christine,Rodriguez,Secretary company,1995-06-26,392
Erica,Vega,Dietitian,1999-03-11,393
Jake,Santiago,Psychologist prison and probation services,1984-09-21,394
Matthew,Acevedo,Brewing technologist,1973-02-03,395
Amanda,Michael,Production assistant television,1973-05-12,396
Stephen,Martin,Product designer,1987-02-09,397
Matthew,Campbell,Garment/textile technologist,1980-09-08,398
Joel,Williams,Communications engineer,1978-08-15,399
Gina,Bonilla,Chartered accountant,1996-06-25,400
Nichole,Jefferson,Location manager,1988-04-11,401
Catherine,Campbell,Programmer applications,1977-03-02,402
Christopher,Flores,Architect,1975-07-04,403
Christopher,Hall,Dentist,1976-07-30,404
James,Ballard,Waste management officer,1985-05-31,405
Shannon,Brown,Buyer retail,1975-10-20,406
Jeff,Bryant,Accountant chartered management,1974-06-16,407
Jonathan,Lee,Education administrator,1974-01-24,408
Vanessa,Preston,Structural engineer,1980-05-25,409
Janice,Wu,Animal technologist,1999-01-20,410
Ronald,Rodriguez,Research scientist (life sciences),1999-12-04,411
Melissa,Stanton,Educational psychologist,1977-03-27,412
Pamela,Goodman,Therapist drama,1976-10-06,413
Maureen,Schmitt,Television/film/video producer,1988-08-31,414
David,Perkins,Equities trader,1991-11-09,415
Andrew,Barton,Teacher music,1995-11-06,416
Jessica,Johnston,Stage manager,1970-03-01,417
Brian,Davis,Exhibition designer,1990-03-06,418
Michelle,Rivera,Nutritional therapist,1989-08-16,419
Jennifer,Smith,Forest/woodland manager,1983-09-19,420
Lisa,Vazquez,Fast food restaurant manager,1980-04-02,421
Christina,Charles,Chartered legal executive (England and Wales),1977-05-01,422
Michael,Payne,Bonds trader,1977-12-17,423
Glenn,Hines,Museum/gallery curator,1993-07-08,424
Angela,Berg,Environmental consultant,1980-01-02,425
Meredith,Conrad,Dramatherapist,1984-01-30,426
Carrie,Hamilton,Designer multimedia,1973-12-15,427
Alicia,Cummings,Forensic scientist,1997-06-05,428
Christine,Barrera,Charity officer,1985-10-09,429
Michael,Rosales,Chiropractor,1975-11-11,430
Jeffrey,Thompson,Hydrogeologist,1996-05-19,431
Benjamin,Sanchez,Technical brewer,1998-02-09,432
Anthony,Levy,Psychiatrist,1986-02-22,433
Chloe,Price,Commercial art gallery manager,1978-05-09,434
Michael,Cain,Ceramics designer,1973-09-16,435
Lori,Ross,Wellsite geologist,1994-11-10,436
Julian,Lee,Physiological scientist,1994-02-02,437
Benjamin,Young,Engineer communications,1992-09-25,438
Kyle,Mcclain,Records manager,1977-10-10,439
Dennis,Perry,Chemist analytical,1976-09-20,440
Kenneth,Davis,Airline pilot,1972-01-14,441
Dawn,Reynolds,Psychologist prison and probation services,1981-04-27,442
Todd,Davila,Electronics engineer,1973-03-21,443
Michelle,Brown,Theatre director,1971-10-09,444
Justin,Cobb,Homeopath,1976-07-12,445
David,Jackson,Therapist horticultural,1978-11-16,446
Matthew,Arnold,Commercial art gallery manager,1977-06-12,447
Beth,Medina,Personnel officer,1984-09-22,448
Courtney,Knox,Actor,1982-01-25,449
Jeanne,Hutchinson,Chiropractor,1986-07-09,450
Karen,Wilson,Contracting civil engineer,1994-08-01,451
Andrew,Hernandez,Sound technician broadcasting/film/video,1995-02-25,452
Douglas,Klein,Quality manager,1996-03-22,453
Susan,Gomez,Purchasing manager,1991-03-16,454
Jeffrey,Obrien,Engineer materials,1991-05-25,455
Mark,Gaines,Energy manager,1981-06-23,456
Jennifer,Kelley,Teacher primary school,1972-12-21,457
Steven,Bradley,Art therapist,1983-12-16,458
Sarah,Lyons,Event organiser,1975-10-06,459
Matthew,Brown,Television floor manager,1986-08-16,460
Deborah,Vargas,Production assistant television,1989-11-29,461
Leslie,Sullivan,Designer textile,1970-03-29,462
Christopher,Rodriguez,Risk manager,1988-11-20,463
Christian,Bryant,Bonds trader,1989-03-15,464
Destiny,Brown,Sales promotion account executive,1970-01-31,465
Jason,Mcgee,Race relations officer,1978-04-30,466
Travis,Torres,Dramatherapist,1991-12-21,467
Christopher,Herrera,Film/video editor,1970-03-28,468
Michael,Baker,Engineer biomedical,1971-07-19,469
Lori,Sosa,Diplomatic Services operational officer,1973-01-06,470
Aaron,Morris,Social worker,1995-04-11,471
Jonathan,Smith,Buyer retail,1983-04-18,472
Joseph,Johnson,Field seismologist,1973-02-17,473
Richard,Jones,Chemical engineer,1983-10-29,474
Melissa,Mccoy,Contracting civil engineer,1971-02-15,475
Richard,Booth,Transport planner,1993-10-20,476
Brian,Williams,Tax inspector,1989-07-02,477
Ethan,Gomez,Scientist research (physical sciences),1990-09-13,478
Deborah,Ray,Investment analyst,1988-03-24,479
Victoria,Johnson,Civil engineer consulting,1993-10-25,480
Kayla,Patterson,Lecturer higher education,1994-12-04,481
Joy,Smith,Research scientist (maths),1987-01-18,482
Carolyn,Wheeler,Therapist music,1980-06-24,483
Miguel,Wheeler,Engineer maintenance (IT),1975-04-30,484
Michael,Hernandez,Conservator museum/gallery,1981-04-05,485
Christy,Munoz,Market researcher,1992-09-24,486
Jay,Bell,Engineer drilling,1996-01-12,487
Barbara,Garcia,Geophysicist/field seismologist,1970-06-07,488
Jennifer,Blake,Engineering geologist,1983-03-08,489
Valerie,Edwards,Surgeon,1998-01-22,490
Jeremy,Ruiz,Psychiatrist,1979-09-03,491
Jessica,Smith,Primary school teacher,1993-08-20,492
Jonathan,Jones,Research scientist (life sciences),1982-09-01,493
Brandi,Morris,Designer jewellery,1993-08-16,494
Tina,Ibarra,Teacher secondary school,1992-11-26,495
Linda,Gardner,Air cabin crew,1980-03-18,496
Sierra,Chambers,Brewing technologist,1974-01-21,497
Jonathan,Patel,Radiographer diagnostic,1980-02-25,498
Amy,Lee,Health and safety adviser,1979-04-22,499
Gabrielle,Davis,Passenger transport manager,1972-09-18,500
Kelly,Nichols,Paramedic,1997-04-03,501
Megan,Page,Health physicist,1979-07-02,502
Stephanie,Powers,Learning mentor,1990-08-14,503
Chris,Roberts,Comptroller,1995-12-22,504
Charles,Williams,Nurse mental health,1990-09-24,505
Matthew,Reynolds,Physiological scientist,1974-04-26,506
David,Carrillo,Nurse mental health,1971-10-04,507
Kathleen,Reynolds,Firefighter,1989-09-08,508
Jennifer,Mitchell,Arboriculturist,1986-05-08,509
Larry,Estrada,Engineer mining,1988-06-17,510
Carol,Wong,Air traffic controller,1976-01-19,511
Paul,Howard,Geneticist molecular,1974-01-24,512
Kyle,Terry,Dentist,1996-04-30,513
Kim,Glover,Research officer trade union,1996-11-23,514
Charles,Pearson,Teacher special educational needs,1972-08-29,515
Ryan,Benjamin,Doctor general practice,1996-02-09,516
Heather,Perez,Environmental consultant,1996-12-30,517
Michael,Taylor,Loss adjuster chartered,1983-05-28,518
Dustin,Lewis,Records manager,1980-07-13,519
Gina,Lucas,Chief Executive Officer,1999-03-03,520
Michael,Davis,Advice worker,1980-04-23,521
Jonathon,Barber,Volunteer coordinator,1999-02-04,522
Charles,Long,Transport planner,1999-08-05,523
Sarah,Odonnell,Primary school teacher,1992-05-28,524
Renee,Thomas,Graphic designer,1975-03-13,525
Stacy,Garcia,Office manager,1993-07-03,526
Emily,Rivers,Engineer broadcasting (operations),1987-08-03,527
Nancy,Lambert,Product designer,1973-12-26,528
James,Morgan,Systems analyst,1974-07-10,529
Richard,Aguirre,Building services engineer,1984-02-27,530
Daniel,Henderson,Armed forces technical officer,1980-08-22,531
Tiffany,Brown,Meteorologist,1991-08-05,532
Amanda,Harris,Commercial/residential surveyor,1984-10-13,533
Mark,Blankenship,Transport planner,1976-02-10,534
Jessica,Clark,Operations geologist,1997-08-14,535
Ronald,Young,Technical author,1996-09-30,536
Manuel,Ortiz,Cartographer,1998-03-28,537
Brian,Walls,Lawyer,1990-10-21,538
Joseph,Reid,Engineer drilling,1998-06-23,539
Brian,Lee,Graphic designer,1999-07-04,540
Latoya,Murray,Retail banker,1973-02-11,541
Emily,Barry,Surveyor insurance,1994-09-06,542
Christian,Jimenez,Counsellor,1995-03-28,543
Julia,Scott,Records manager,1999-01-06,544
William,Shaw,Radiographer diagnostic,1983-08-07,545
Kathleen,Parker,Airline pilot,1990-12-25,546
Robert,Jones,Clinical molecular geneticist,1994-06-18,547
Brandon,Allen,Veterinary surgeon,1977-03-15,548
Jeremy,Norton,IT sales professional,1980-05-23,549
Mary,Walsh,Advertising account planner,1970-01-06,550
Laura,Newton,Freight forwarder,1975-10-29,551
Andrea,Webb,Accountant chartered management,1981-06-06,552
Angela,Levy,Podiatrist,1983-06-10,553
Emily,George,Logistics and distribution manager,1992-09-12,554
Vanessa,Oliver,Games developer,1982-04-21,555
Kristine,Gomez,Immigration officer,1995-09-01,556
Thomas,Martinez,Archaeologist,1983-05-29,557
Barbara,Roberts,Engineer maintenance,1998-11-05,558
Amanda,Delacruz,Museum/gallery conservator,1983-04-13,559
Thomas,Wilson,Theatre manager,1970-09-18,560
Kathryn,Montgomery,Therapist speech and language,1987-11-15,561
Devon,Velez,Lecturer further education,1987-09-08,562
Sara,Murray,Engineer water,1986-08-29,563
Sarah,Levy,Animal technologist,1999-11-08,564
Michele,Anderson,Scientist audiological,1977-05-04,565
Megan,Allen,Site engineer,1988-02-18,566
Joseph,Ford,Educational psychologist,1988-12-17,567
Peter,Tanner,Chartered public finance accountant,1986-08-02,568
Kimberly,Silva,Designer multimedia,1984-01-17,569
Austin,Simmons,Restaurant manager fast food,1975-08-23,570
Jerry,Singh,Higher education lecturer,1995-12-12,571
Yolanda,Richardson,Mudlogger,1977-04-17,572
John,Willis,Aid worker,1983-03-27,573
Jeanne,Simpson,Engineer structural,1975-10-15,574
Raymond,Thompson,Translator,1982-04-24,575
Jennifer,Potter,Aid worker,1974-03-29,576
Frances,Ramos,Scientist research (medical),1975-10-06,577
Maria,Johnson,Film/video editor,1971-04-21,578
Julia,Williams,Financial manager,1972-03-15,579
Elizabeth,Crane,Agricultural consultant,1998-08-20,580
Carrie,Brewer,Programmer applications,1974-03-01,581
Catherine,Fletcher,Learning mentor,1971-10-15,582
Jack,Holmes,Engineer site,1989-03-15,583
Katherine,Wong,Restaurant manager,1990-11-25,584
Jason,Cunningham,Outdoor activities/education manager,1978-03-31,585
Victor,Wong,Armed forces operational officer,1995-08-17,586
Michael,Nunez,Social worker,1986-10-26,587
Kyle,Mccall,Insurance claims handler,1988-11-12,588
Veronica,Watkins,Forest/woodland manager,1995-07-17,589
Robin,Martin,Education officer community,1983-10-01,590
Brianna,Faulkner,Psychologist prison and probation services,1970-06-09,591
Christopher,Brown,Air broker,1988-10-21,592
Michael,Riddle,Scientist forensic,1985-01-27,593
Bradley,Mitchell,Games developer,1987-11-17,594
Jonathan,Johnson,Therapist music,1998-03-28,595
Linda,Scott,Medical laboratory scientific officer,1991-03-20,596
Diana,Ochoa,Oceanographer,1970-03-10,597
Denise,Fitzpatrick,Hospital doctor,1997-09-03,598
Donna,Berg,Information officer,1995-09-26,599
Amy,Leon,Graphic designer,1991-10-13,600
Gregory,Potter,Event organiser,1993-06-28,601
Ryan,Kaufman,Forest/woodland manager,1997-10-13,602
Mary,Cook,Video editor,1995-10-09,603
Kristin,Ortiz,Private music teacher,1985-03-04,604
Monica,Ferrell,Paramedic,1982-06-10,605
Russell,Acosta,Cartographer,1972-05-13,606
Kimberly,Martinez,Community pharmacist,1997-11-17,607
Debra,Chan,Chief Executive Officer,1998-11-20,608
Robert,Harris,TEFL teacher,1971-01-18,609
Fernando,Hill,Equality and diversity officer,1970-03-10,610
James,Jacobs,Building services engineer,1992-10-11,611
Raymond,Manning,Futures trader,1984-07-22,612
Joel,Moreno,Personnel officer,1972-02-17,613
Alexander,Rowe,Mental health nurse,1982-07-28,614
Katie,White,Civil engineer contracting,1997-10-22,615
Kathryn,Compton,Private music teacher,1987-02-12,616
Elizabeth,Mills,Therapeutic radiographer,1985-03-16,617
Rebekah,Russell,Optician dispensing,1997-08-15,618
Christopher,Johnson,Risk manager,1978-06-10,619
Jessica,Washington,Music tutor,1988-12-03,620
Shirley,Mcdonald,Learning mentor,1998-08-22,621
Michael,Stewart,Dramatherapist,1978-02-25,622
James,Robinson,Child psychotherapist,1996-07-13,623
Colleen,Wilson,Scientist physiological,1979-08-26,624
Renee,Ellis,Clinical research associate,1976-02-09,625
Sharon,Jones,Warehouse manager,1995-04-15,626
Shawna,Gonzalez,Ceramics designer,1993-07-11,627
Vincent,Peters,Investment banker operational,1994-11-05,628
Cheyenne,French,Regulatory affairs officer,1975-02-13,629
Jessica,Malone,Scientist audiological,1984-10-09,630
Shelby,Charles,Office manager,1977-10-26,631
Daniel,Estrada,Youth worker,1984-11-22,632
Rachel,Hammond,Environmental consultant,1976-03-04,633
Lynn,Sutton,Psychologist forensic,1985-09-26,634
Cynthia,Patel,Research officer political party,1992-07-24,635
Amy,Douglas,Air broker,1979-11-17,636
Samuel,King,Engineer electronics,1970-12-21,637
Brianna,Taylor,Merchandiser retail,1993-12-25,638
Michelle,Meyer,Audiological scientist,1980-03-12,639
Eric,Wallace,Acupuncturist,1984-06-12,640
David,Robbins,Production engineer,1977-04-01,641
Kathleen,Payne,Applications developer,1980-04-17,642
Jeffery,Boyd,Biochemist clinical,1972-08-15,643
Ricardo,Lewis,Housing manager/officer,1994-11-20,644
Carrie,Ward,Event organiser,1988-08-31,645
Alexander,Russell,Tour manager,1981-04-06,646
Emily,Cook,Architect,1996-08-11,647
Kevin,Lindsey,Surveyor rural practice,1981-02-05,648
Janet,Foley,Industrial/product designer,1989-07-21,649
Tracy,Copeland,Community pharmacist,1972-03-09,650
Keith,Gaines,Textile designer,1989-06-05,651
Carlos,Munoz,Scientist audiological,1981-12-04,652
Richard,West,Scientist research (life sciences),1973-09-19,653
David,Dudley,Engineer biomedical,1984-06-10,654
Cynthia,Cooper,Corporate investment banker,1987-05-30,655
Gina,Huynh,Fast food restaurant manager,1990-07-31,656
Bradley,Smith,Actuary,1991-05-12,657
Lisa,Smith,Retail manager,1987-07-24,658
Susan,Bernard,Local government officer,1979-03-09,659
Stephanie,Briggs,Engineer civil (contracting),1992-08-19,660
Jordan,Thompson,Forest/woodland manager,1990-09-13,661
Richard,Ashley,Counsellor,1992-04-23,662
Ian,Cook,Hydrographic surveyor,1994-08-12,663
Stephanie,Brown,Hospital doctor,1999-05-05,664
Deanna,Mercado,Agricultural engineer,1982-07-03,665
Noah,Carter,Journalist newspaper,1986-09-28,666
Nicholas,Deleon,Telecommunications researcher,1972-09-21,667
Micheal,Maldonado,Engineer maintenance,1972-12-31,668
Gene,Baird,Chartered certified accountant,1978-04-18,669
Melanie,Simmons,Orthoptist,1990-11-11,670
Scott,Weaver,Armed forces operational officer,1991-12-01,671
Rodney,Smith,Oceanographer,1975-11-10,672
Jeremy,Mann,Seismic interpreter,1979-04-12,673
Amanda,Young,Commercial/residential surveyor,1974-11-01,674
Monica,Pena,Engineer manufacturing systems,1995-11-23,675
Kristin,Hickman,Teacher early years/pre,1979-06-20,676
Stacey,Thompson,Health physicist,1975-10-07,677
Andrew,Schwartz,Professor Emeritus,1982-01-28,678
Michaela,Thomas,Therapist sports,1976-01-03,679
Christina,Wallace,Conservator furniture,1996-11-25,680
Emma,Herman,Legal secretary,1997-05-23,681
Tony,Compton,Personal assistant,1996-02-29,682
Lauren,Romero,Prison officer,1994-06-25,683
Douglas,Parker,Journalist newspaper,1972-04-27,684
Annette,Hernandez,Surveyor building,1997-07-31,685
Joseph,Coleman,Secondary school teacher,1990-05-30,686
Phillip,Mcdonald,Recruitment consultant,1997-08-14,687
Matthew,Johnson,Ambulance person,1988-10-26,688
Tonya,Thomas,Copy,1995-03-05,689
Edward,Miller,Professor Emeritus,1983-07-10,690
David,Wheeler,Tourist information centre manager,1996-12-30,691
Patricia,Hall,Neurosurgeon,1991-05-03,692
Micheal,Diaz,Archivist,1970-03-24,693
Amber,Dominguez,Art gallery manager,1999-06-26,694
David,Crawford,Planning and development surveyor,1986-08-11,695
Steven,Lewis,Games developer,1986-05-18,696
Christine,Johnston,Archivist,1989-05-23,697
Suzanne,Mack,Adult nurse,1981-08-14,698
Anne,Davis,Scientist clinical (histocompatibility and immunogenetics),1990-05-22,699
Marvin,Bell,Production assistant television,1986-10-07,700
Richard,Velasquez,Music therapist,1986-03-20,701
John,Flores,Diplomatic Services operational officer,1995-03-13,702
Ralph,Miles,Armed forces technical officer,1997-07-07,703
Ricardo,Perez,Designer textile,1971-09-24,704
David,Shaw,Research scientist (physical sciences),1971-04-12,705
Gina,Campos,Best boy,1994-11-20,706
Abigail,Gray,Scientist research (life sciences),1999-09-02,707
Melissa,Conrad,Administrator local government,1971-05-30,708
Tanya,Stanton,Tax inspector,1998-02-22,709
Keith,Hopkins,Media planner,1997-09-07,710
Julie,Gilbert,Best boy,1991-07-11,711
David,Donaldson,Planning and development surveyor,1996-03-10,712
Julia,Johnston,Amenity horticulturist,1976-06-08,713
Alan,Ross,Pathologist,1973-11-13,714
Craig,Perez,Technical sales engineer,1987-08-24,715
Meghan,Davis,Best boy,1970-07-07,716
Rebecca,Rice,Surveyor insurance,1993-07-02,717
Sarah,Schmidt,Conservation officer nature,1972-05-01,718
Diana,Moran,Fisheries officer,1984-05-15,719
Sheila,Davies,Trading standards officer,1981-04-15,720
Michelle,Jones,Neurosurgeon,1981-06-17,721
Robert,Romero,Geologist wellsite,1986-08-10,722
Christy,Blair,Ecologist,1976-05-04,723
Laura,Woodward,Journalist broadcasting,1983-10-08,724
Emily,Anderson,Scientist marine,1980-02-23,725
Samantha,Hall,Radio producer,1992-06-07,726
James,Mendoza,Veterinary surgeon,1976-09-04,727
John,Gallegos,Communications engineer,1975-10-26,728
David,Garcia,Hydrologist,1975-12-01,729
Ashley,Cervantes,Nurse mental health,1989-10-06,730
Jennifer,Garcia,Designer interior/spatial,1997-07-10,731
Luis,Duffy,Psychologist counselling,1995-03-15,732
Zachary,Martinez,Clinical research associate,1986-08-04,733
Kenneth,Evans,Systems developer,1999-08-21,734
Christopher,Bishop,Midwife,1970-11-17,735
Kari,Lopez,Research officer political party,1978-10-22,736
Kevin,White,Information officer,1988-07-01,737
Mary,Greer,Travel agency manager,1989-09-08,738
Leonard,Smith,Lawyer,1987-04-23,739
Yolanda,Garcia,Trade mark attorney,1985-02-20,740
Joseph,Hammond,Television floor manager,1979-09-12,741
Edward,Dunn,Teacher English as a foreign language,1990-11-27,742
Christopher,Campbell,Operational investment banker,1974-10-16,743
William,Russell,Librarian academic,1973-01-24,744
Brandi,Brown,Chemical engineer,1980-01-26,745
Jesus,Larson,Engineer communications,1982-02-12,746
Guy,Beck,Ranger/warden,1974-06-24,747
Connie,Johnson,Warden/ranger,1973-02-25,748
Laura,Jones,Jewellery designer,1990-11-11,749
Austin,Johnson,Engineer site,1981-04-07,750
Corey,Raymond,Warden/ranger,1973-11-20,751
Elizabeth,Adams,Chiropodist,1979-10-06,752
James,Acosta,Warden/ranger,1981-02-26,753
Joshua,Roy,Operational investment banker,1979-12-09,754
Joy,Jones,Public librarian,1983-02-16,755
Lori,Collins,Surveyor land/geomatics,1978-03-18,756
Bobby,Stanley,Telecommunications researcher,1975-07-17,757
Maria,Griffin,English as a second language teacher,1991-04-24,758
Cindy,Jackson,Librarian academic,1991-09-02,759
Angela,Carr,Cytogeneticist,1995-04-13,760
Logan,Burgess,Public relations account executive,1975-10-25,761
Laura,Turner,Physiotherapist,1984-11-13,762
Thomas,Wallace,Nature conservation officer,1992-04-10,763
Deanna,Rivera,Estate manager/land agent,1993-05-09,764
Mary,Hayes,Surveyor building control,1998-03-06,765
Keith,Clark,Arts administrator,1991-09-10,766
Nathan,Lewis,Radio broadcast assistant,1970-07-15,767
Kyle,Hughes,Civil Service administrator,1984-03-24,768
Dana,Moore,Education officer environmental,1986-05-21,769
Joshua,Aguilar,Artist,1997-03-20,770
Teresa,White,Audiological scientist,1977-09-12,771
Christopher,Mendoza,Psychiatric nurse,1979-09-20,772
William,Leon,Licensed conveyancer,1999-03-30,773
John,Lee,Research officer government,1992-07-16,774
Carla,Berry,Hydrologist,1972-01-15,775
Jason,Quinn,Purchasing manager,1981-03-13,776
Daniel,Smith,Dietitian,1993-12-27,777
Terry,Hobbs,Electrical engineer,1991-03-06,778
Renee,Price,Banker,1973-10-11,779
Audrey,Sandoval,Chief Technology Officer,1999-12-03,780
Julie,Hall,Biochemist clinical,1994-08-09,781
David,Navarro,Barista,1984-11-21,782
Ruben,Nguyen,Chartered management accountant,1992-06-11,783
Emily,Armstrong,Retail banker,1972-07-26,784
Jennifer,Hammond,Armed forces operational officer,1978-09-01,785
Jennifer,Fowler,Clinical biochemist,1988-02-23,786
Darren,White,Physiotherapist,1991-02-20,787
Erin,Frazier,Estate agent,1996-04-10,788
William,Thomas,Clinical embryologist,1981-08-27,789
Mary,Gonzalez,Physiological scientist,1993-09-13,790
David,Gonzalez,IT consultant,1992-02-01,791
Jennifer,Ward,Medical laboratory scientific officer,1981-07-20,792
Sandra,Richardson,Statistician,1975-03-20,793
Laura,Alexander,Pensions consultant,1976-09-18,794
Alec,Choi,Scientist research (life sciences),1999-01-17,795
Adam,Valdez,Engineer building services,1988-10-08,796
Jennifer,Black,Engineer site,1970-03-30,797
Angela,Brewer,Education officer community,1973-12-30,798
Jennifer,Anderson,Hospital doctor,1983-01-09,799
Jennifer,Miranda,Engineer building services,1985-06-25,800
Melissa,Higgins,Theatre director,1970-01-09,801
Catherine,Briggs,Drilling engineer,1970-12-19,802
Charles,Gonzales,Lawyer,1981-07-05,803
Madeline,Martinez,Comptroller,1976-12-26,804
Brian,Cook,English as a foreign language teacher,1977-02-11,805
Jennifer,Miller,Loss adjuster chartered,1985-06-01,806
Leonard,Miller,Press sub,1997-09-06,807
Martha,Ho,Statistician,1985-03-29,808
Christine,Daniels,Customer service manager,1988-06-22,809
Cheryl,Chapman,Clinical molecular geneticist,1978-02-12,810
Matthew,Ford,Solicitor Scotland,1989-01-08,811
Michael,Stevens,Advertising account planner,1982-12-22,812
Charlene,Long,Investment banker operational,1989-12-12,813
Daniel,Ortega,Furniture conservator/restorer,1986-10-15,814
William,Morris,Musician,1984-12-15,815
Amanda,Rogers,Nurse mental health,1985-06-07,816
Mark,Baxter,Accountant chartered management,1980-12-30,817
Holly,Curtis,Tree surgeon,1980-03-18,818
Walter,George,Gaffer,1990-10-26,819
Robert,Haynes,Engineer aeronautical,1980-10-31,820
Kenneth,Brown,Solicitor,1983-08-15,821
Julie,Robinson,Photographer,1997-12-28,822
Brian,Hawkins,Agricultural engineer,1989-01-23,823
Veronica,Stephens,Geoscientist,1988-09-08,824
Tiffany,Huber,Land/geomatics surveyor,1975-09-19,825
Sabrina,Watts,Retail banker,1977-08-26,826
Christina,Chan,Jewellery designer,1973-12-02,827
Debra,Welch,Advertising copywriter,1976-11-07,828
Holly,Roberts,TEFL teacher,1973-11-08,829
Stephen,Haynes,Health visitor,1976-08-06,830
Michael,Douglas,Surveyor planning and development,1973-03-26,831
Tammy,Lambert,Private music teacher,1987-12-04,832
Jennifer,Lynch,Counsellor,1973-08-19,833
Jessica,Davis,Psychologist educational,1978-03-06,834
Laura,Campbell,Actor,1977-08-09,835
Dawn,Rhodes,Designer interior/spatial,1982-11-22,836
Alison,Ferguson,Radio broadcast assistant,1997-02-18,837
Christopher,Mccarthy,Health promotion specialist,1980-10-30,838
Christopher,Wilson,Ecologist,1983-06-04,839
Tiffany,Thomas,Occupational therapist,1995-05-05,840
Teresa,Costa,Regulatory affairs officer,1981-12-17,841
Mark,Rodriguez,Quarry manager,1974-02-17,842
Todd,Marshall,Quarry manager,1976-06-22,843
Mindy,Mcdaniel,Buyer industrial,1977-06-05,844
Tiffany,Williams,Radiographer diagnostic,1979-09-20,845
Joel,Davis,Journalist newspaper,1970-10-13,846
Brittany,Young,Planning and development surveyor,1995-08-17,847
Melinda,Thompson,Librarian public,1976-12-29,848
John,Cameron,Editor film/video,1993-08-02,849
Jorge,Harris,Sports therapist,1993-01-27,850
Robert,Johnston,Chief of Staff,1974-09-21,851
Jason,Hart,Public house manager,1997-05-15,852
Thomas,Miller,Video editor,1979-04-09,853
Ashley,Lawson,Archaeologist,1979-08-30,854
Courtney,Alvarez,Estate agent,1998-01-14,855
Kathy,Morris,Licensed conveyancer,1986-09-15,856
Brian,Schwartz,Emergency planning/management officer,1982-01-24,857
Larry,Sanders,Music tutor,1982-11-04,858
Thomas,Reed,Tour manager,1982-12-05,859
Tonya,Barrera,Environmental consultant,1970-04-08,860
Kyle,Andrews,Engineer drilling,1981-05-27,861
Mary,White,International aid/development worker,1980-05-03,862
Edward,Greene,Designer textile,1981-06-27,863
Barbara,Walters,Archivist,1990-02-01,864
Amanda,Mitchell,Editor commissioning,1996-04-20,865
Jose,Farrell,Journalist magazine,1975-12-02,866
Michele,Christensen,Designer industrial/product,1980-02-02,867
Linda,Stevenson,Chief Financial Officer,1996-03-11,868
Christina,Ramirez,Further education lecturer,1982-09-03,869
Terri,Payne,Psychotherapist dance movement,1979-09-05,870
Anna,Conner,Actuary,1990-02-08,871
Stephanie,Williams,International aid/development worker,1999-10-16,872
Caleb,Hendricks,Estate agent,1996-09-15,873
Joshua,Ali,Paramedic,1970-09-14,874
Maria,Anderson,Biochemist clinical,1984-02-02,875
Robert,Clements,Nurse adult,1981-04-08,876
Katherine,Cohen,Education officer environmental,1998-08-05,877
Elizabeth,Thomas,Production engineer,1981-05-03,878
Tamara,Cervantes,Community arts worker,1982-12-11,879
Bruce,Wise,Engineer maintenance,1995-07-20,880
Heather,Hernandez,Chartered accountant,1995-02-23,881
Paula,Hunter,Advertising copywriter,1987-10-09,882
Robin,Lopez,Artist,1978-01-18,883
Jessica,Johnson,Structural engineer,1986-09-20,884
Dennis,Patel,Editor commissioning,1984-05-25,885
Elizabeth,Mckinney,Investment analyst,1975-02-25,886
Regina,Jones,Herbalist,1971-04-07,887
Jeffrey,Rodgers,Armed forces operational officer,1983-11-28,888
Christopher,Jones,Firefighter,1983-02-10,889
Richard,Owens,Engineer energy,1973-12-02,890
Eric,Torres,Chartered management accountant,1999-10-12,891
Travis,Lee,Broadcast journalist,1999-06-11,892
Charles,Chambers,Surveyor quantity,1996-10-13,893
Mackenzie,Bell,Toxicologist,1977-05-01,894
Melody,Clark,Associate Professor,1987-09-26,895
Levi,Washington,Systems developer,1992-05-27,896
Richard,Maldonado,Freight forwarder,1993-12-21,897
Kari,Clark,Geochemist,1997-02-17,898
Deanna,Gonzales,Tax adviser,1974-12-14,899
Shannon,Ortiz,Conservator furniture,1984-12-01,900
Lisa,Rodriguez,Sport and exercise psychologist,1975-04-17,901
Brandon,Warner,Counsellor,1993-02-21,902
Wanda,Castillo,Learning mentor,1979-12-13,903
Mary,Chapman,Market researcher,1971-03-29,904
Pamela,White,Scientist physiological,1975-07-30,905
Kylie,Stewart,Chartered legal executive (England and Wales),1998-02-18,906
Michael,Burns,Advertising art director,1971-06-21,907
William,Nelson,Journalist newspaper,1984-07-07,908
Kelsey,Ortiz,Technical sales engineer,1976-05-21,909
Joseph,Day,Diagnostic radiographer,1998-08-15,910
Jose,Reynolds,Engineer materials,1990-08-07,911
Ann,Singh,Graphic designer,1980-04-20,912
Jason,Herman,Meteorologist,1973-08-16,913
Stacey,Marquez,Operational investment banker,1977-01-09,914
Melanie,Vargas,Corporate treasurer,1982-11-18,915
Tina,Hall,Housing manager/officer,1987-04-09,916
Danielle,Jenkins,Radio broadcast assistant,1997-12-27,917
Robert,Edwards,Radio broadcast assistant,1978-07-06,918
Scott,Russell,Buyer industrial,1984-06-12,919
Amber,Davis,Clinical molecular geneticist,1981-03-21,920
Latasha,Santana,Embryologist clinical,1986-04-21,921
Devin,Lopez,Special educational needs teacher,1994-02-26,922
Mark,Dougherty,Public relations officer,1991-10-14,923
David,Hernandez,Architect,1994-05-12,924
Crystal,Knight,Conservator furniture,1997-10-02,925
Tina,Andrade,Surveyor building,1986-11-27,926
Jeremy,Wong,Programmer multimedia,1993-12-03,927
Dana,Bennett,Physicist medical,1980-08-20,928
Marcus,Williams,Accounting technician,1987-01-20,929
Steven,Wheeler,Soil scientist,1982-04-13,930
Amy,Mitchell,Hospital doctor,1970-09-05,931
Michelle,Wallace,Educational psychologist,1984-11-28,932
Samuel,Garcia,Accountant chartered public finance,1977-08-19,933
Mathew,Thompson,Air traffic controller,1999-01-17,934
Kimberly,White,Pharmacologist,1980-11-14,935
Jessica,Bartlett,Economist,1988-11-10,936
Erika,Jackson,Chartered management accountant,1980-10-27,937
Andrea,Cooper,Senior tax professional/tax inspector,1996-05-20,938
Kelly,Wright,Television production assistant,1979-11-04,939
Jeffrey,Hill,Doctor general practice,1986-01-05,940
Gregory,Evans,Public house manager,1981-01-15,941
Lauren,Hall,Higher education careers adviser,1986-08-18,942
Jaime,Lowe,Nurse children's,1979-04-10,943
Angela,Mckay,Phytotherapist,1994-07-28,944
Tyler,Torres,Financial trader,1992-06-28,945
Eric,Foley,Research scientist (physical sciences),1975-06-29,946
Casey,Vazquez,Therapeutic radiographer,1992-10-24,947
Kathryn,Cannon,Industrial/product designer,1971-08-18,948
Steven,Greene,Visual merchandiser,1983-01-15,949
Veronica,Bennett,Personnel officer,1987-11-25,950
Michael,Lynn,Social researcher,1984-07-18,951
Jordan,Hill,Legal secretary,1980-10-06,952
Robert,Foster,Loss adjuster chartered,1985-07-24,953
Kathryn,Skinner,Magazine journalist,1993-01-09,954
Sharon,Johnson,Exhibitions officer museum/gallery,1994-04-14,955
Kristina,Young,Actuary,1976-08-20,956
Cory,Hernandez,Designer fashion/clothing,1970-05-04,957
Nathan,Mendoza,Public affairs consultant,1990-03-03,958
Veronica,Daniels,Journalist broadcasting,1989-06-10,959
Jason,Green,Surveyor planning and development,1982-12-12,960
Patricia,Steele,Make,1987-10-05,961
Carmen,Smith,Therapist drama,1987-06-30,962
Caleb,Wood,Interpreter,1971-05-31,963
Lauren,Taylor,Adult nurse,1972-12-09,964
Kimberly,Williams,Curator,1974-12-13,965
Joshua,Guerra,Structural engineer,1971-04-21,966
Joshua,Jones,Nurse children's,1973-06-14,967
Karen,Moore,Engineer structural,1984-04-06,968
Lori,Martinez,Financial adviser,1987-06-26,969
Caleb,Dillon,Software engineer,1977-02-28,970
Hannah,Schneider,Chief Executive Officer,1997-10-14,971
Yesenia,Schwartz,Loss adjuster chartered,1992-11-16,972
Rodney,Smith,Translator,1970-08-13,973
William,Wilson,Solicitor,1996-11-08,974
Elizabeth,Cochran,Broadcast journalist,1999-03-15,975
Roy,Durham,Psychiatric nurse,1994-12-07,976
Jordan,Huang,Engineer civil (contracting),1985-08-15,977
Barbara,Meza,Press sub,1970-05-19,978
Lisa,Krause,Make,1985-08-17,979
Bonnie,Thompson,Pharmacist community,1982-05-13,980
Jessica,Shepard,Buyer industrial,1977-06-15,981
Zachary,Brooks,Administrator local government,1990-02-05,982
Alison,Douglas,Equality and diversity officer,1970-12-15,983
Dana,Young,Professor Emeritus,1978-04-26,984
Joshua,Long,Social researcher,1992-08-16,985
Steven,Cooper,Cytogeneticist,1994-03-07,986
Ronald,Herrera,Dancer,1972-01-06,987
Courtney,Dean,Chief Strategy Officer,1995-08-03,988
Megan,Townsend,Dentist,1977-06-18,989
Monique,Buchanan,Hotel manager,1997-02-22,990
John,Duncan,Development worker international aid,1976-04-11,991
Samuel,Stanley,Clinical embryologist,1975-01-06,992
Dustin,Taylor,Scientist clinical (histocompatibility and immunogenetics),1970-10-01,993
Heidi,Kirk,Chartered loss adjuster,1996-09-23,994
Robin,Case,Environmental education officer,1997-05-26,995
David,Nguyen,Designer fashion/clothing,1988-10-20,996
Benjamin,Allen,Engineer production,1973-11-27,997
Thomas,Lee,Quality manager,1999-03-10,998
Barbara,Garcia,Fashion designer,1994-04-08,999
Raymond,Wyatt,Metallurgist,1976-12-15,1000
Lori,Acevedo,Designer graphic,1999-11-11,1001
